{
  "model": "BLIP",
  "retrieval": {
    "recall@1": 0.0,
    "recall@5": 0.0002,
    "recall@10": 0.0006,
    "recall@50": 0.0074,
    "mrr": 0.0012394696322984365,
    "median_rank": 2566.0
  },
  "classification": {
    "accuracy": 0.008056394763343404,
    "f1_macro": 0.001549314450021977,
    "f1_micro": 0.008056394763343404,
    "precision_macro": 0.0009102205196830637,
    "recall_macro": 0.012416347381864623,
    "top5_accuracy": 0.06747230614300101,
    "mean_confidence": 0.012707727961242199,
    "ece": 0.004651333197898795
  },
  "captioning": {
    "bleu1": 0.7093048828683587,
    "bleu2": 0.5246218894250876,
    "bleu3": 0.3681035192187037,
    "bleu4": 0.2597281964714159,
    "rouge1": 0.45556126120140744,
    "rouge2": 0.19485117641470942,
    "rougeL": 0.4109400044154248,
    "meteor": 0.3187024494688952,
    "cider": 0.23596925966755206
  },
  "efficiency": {
    "latency_ms": 544.175386428833,
    "memory_mb": 2468.4990234375,
    "throughput": 2.1657250359793117
  }
}