{
  "model": "BLIP-2",
  "retrieval": {
    "recall@1": 1.0,
    "recall@5": 1.0,
    "recall@10": 1.0,
    "recall@50": 1.0,
    "mrr": 1.0,
    "median_rank": 1.0
  },
  "classification": {
    "accuracy": 0.016112789526686808,
    "f1_macro": 0.011694127697987479,
    "f1_micro": 0.016112789526686808,
    "precision_macro": 0.014769749245852188,
    "recall_macro": 0.01670216332580463,
    "top5_accuracy": 0.05639476334340383,
    "mean_confidence": 0.06179179372063023,
    "ece": 0.04567900419394342
  },
  "captioning": {
    "bleu1": 0.6829672926372995,
    "bleu2": 0.5231912913547708,
    "bleu3": 0.3799198591826809,
    "bleu4": 0.2733117147094831,
    "rouge1": 0.46727220804402425,
    "rouge2": 0.20953825579631957,
    "rougeL": 0.4257216192700289,
    "meteor": 0.31375832664857756,
    "cider": 0.2512941648284522
  },
  "efficiency": {
    "latency_ms": 483.66451263427734,
    "memory_mb": 9870.8359375,
    "throughput": 3.876389058112201
  }
}