Model,BLEU-1,BLEU-2,BLEU-3,BLEU-4,METEOR,CIDEr,ROUGE-L
BLIP,0.7093048828683587,0.5246218894250876,0.3681035192187037,0.2597281964714159,0.3187024494688952,0.23596925966755206,0.4109400044154248
BLIP-2,0.6829672926372995,0.5231912913547708,0.3799198591826809,0.2733117147094831,0.31375832664857756,0.2512941648284522,0.4257216192700289
