Model,Recall@1,Recall@5,Recall@10,Recall@50,MRR,Median_Rank
CLIP,0.5676,0.8046,0.8824,0.9812,0.6752109905241966,1.0
BLIP,0.0,0.0002,0.0006,0.0074,0.0012394696322984365,2566.0
BLIP-2,1.0,1.0,1.0,1.0,1.0,1.0
FLAVA,0.3964,0.7112,0.8182,0.9756,0.5379287102056646,2.0
