Model,Accuracy,Top-5_Accuracy,F1_Macro,Precision_Macro,Recall_Macro,Mean_Confidence,ECE
CLIP,0.42900302114803623,0.7331319234642497,0.39198819362755455,0.4034819415912752,0.5211406041864513,0.013546697795391083,0.41545632335264515
BLIP,0.008056394763343404,0.06747230614300101,0.001549314450021977,0.0009102205196830637,0.012416347381864623,0.012707727961242199,0.004651333197898795
BLIP-2,0.016112789526686808,0.05639476334340383,0.011694127697987479,0.014769749245852188,0.01670216332580463,0.06179179372063023,0.04567900419394342
FLAVA,0.4350453172205438,0.6576032225579054,0.3861287030391126,0.3719066632101832,0.558608198491792,0.014614350162446499,0.4204309670580973
